2025-12-05_17-33-50,100,draft.py:2025-12-05_17-33-50
2025-12-05_18-22-02,100,draft.py:2025-12-05_17-33-50
2025-12-05_18-48-19,100,draft.py:2025-12-05_18-48-19
2025-12-05_18-55-20,100,draft.py:2025-12-05_18-55-20
2025-12-05_18-55-22,100,draft.py:2025-12-05_18-55-20
2025-12-05_18-55-22,100,draft.py:2025-12-05_18-55-20
2025-12-05_18-55-23,100,draft.py:2025-12-05_18-55-20
2025-12-05_18-55-25,100,draft.py:2025-12-05_18-55-20
2025-12-05_18-55-25,100,draft.py:2025-12-05_18-55-20
2025-12-05_18-55-25,100,draft.py:2025-12-05_18-55-20
2025-12-05_18-55-25,100,draft.py:2025-12-05_18-55-20
2025-12-05_18-55-39,100,draft.py:2025-12-05_18-55-39
2025-12-05_18-55-40,100,draft.py:2025-12-05_18-55-39
2025-12-05_18-55-40,100,draft.py:2025-12-05_18-55-39
2025-12-05_18-55-40,100,draft.py:2025-12-05_18-55-39
2025-12-05_18-55-40,100,draft.py:2025-12-05_18-55-39
2025-12-05_18-55-41,100,draft.py:2025-12-05_18-55-39
2025-12-05_18-55-42,100,draft.py:2025-12-05_18-55-39
2025-12-05_18-55-43,100,draft.py:2025-12-05_18-55-39
2025-12-05_18-56-11,0,draft.py:2025-12-05_18-56-11
2025-12-05_18-57-12,0,draft.py:2025-12-05_18-57-12
2025-12-05_18-57-21,0,draft.py:2025-12-05_18-57-21
2025-12-05_18-57-29,0,draft.py:2025-12-05_18-57-29
2025-12-05_19-09-29,0,draft.py:2025-12-05_19-09-29
2025-12-05_19-09-41,0,draft.py:2025-12-05_19-09-41
2025-12-05_19-10-11,0,draft.py:2025-12-05_19-10-11
2025-12-05_19-10-15,0,draft.py:2025-12-05_19-10-11
2025-12-05_19-11-04,0,draft.py:2025-12-05_19-11-04
2025-12-05_19-11-15,0,draft.py:2025-12-05_19-11-15
2025-12-05_19-12-31,0,draft.py:2025-12-05_19-12-31
2025-12-05_19-21-38,0,draft.py:2025-12-05_19-21-38
2025-12-05_19-22-11,0,draft.py:2025-12-05_19-22-11
2025-12-05_19-23-59,0,draft.py:2025-12-05_19-23-59
2025-12-05_19-24-41,0,draft.py:2025-12-05_19-23-59
2025-12-05_19-25-32,0,draft.py:2025-12-05_19-25-32
2025-12-05_19-27-20,0,draft.py:2025-12-05_19-27-20
2025-12-05_20-21-26,0,draft.py:2025-12-05_19-27-20
2025-12-05_20-22-57,0,draft.py:2025-12-05_20-22-57
2025-12-05_20-23-19,0,draft.py:2025-12-05_20-23-19
2025-12-05_20-23-20,0,draft.py:2025-12-05_20-23-19
2025-12-05_20-23-37,0,draft.py:2025-12-05_20-23-37
2025-12-05_20-23-46,0,draft.py:2025-12-05_20-23-46
2025-12-05_20-28-43,100,draft.py:2025-12-05_20-28-43
2025-12-05_20-31-24,100,draft.py:2025-12-05_20-31-24
2025-12-05_20-31-24,100,draft.py:2025-12-05_20-31-24
2025-12-05_20-31-25,100,draft.py:2025-12-05_20-31-25
2025-12-05_20-31-25,100,draft.py:2025-12-05_20-31-25
2025-12-05_20-31-25,100,draft.py:2025-12-05_20-31-25
2025-12-05_20-31-25,100,draft.py:2025-12-05_20-31-25
2025-12-05_20-31-26,100,draft.py:2025-12-05_20-31-26
2025-12-05_20-31-27,100,draft.py:2025-12-05_20-31-26
2025-12-05_20-31-27,100,draft.py:2025-12-05_20-31-26
2025-12-05_20-31-27,100,draft.py:2025-12-05_20-31-26
2025-12-05_20-31-27,100,draft.py:2025-12-05_20-31-26
2025-12-05_20-31-36,100,draft.py:2025-12-05_20-31-36
2025-12-05_20-31-36,100,draft.py:2025-12-05_20-31-36
2025-12-05_20-31-37,100,draft.py:2025-12-05_20-31-37
2025-12-05_20-31-37,100,draft.py:2025-12-05_20-31-37
2025-12-05_20-31-37,100,draft.py:2025-12-05_20-31-37
2025-12-05_20-31-37,100,draft.py:2025-12-05_20-31-37
2025-12-05_20-31-37,100,draft.py:2025-12-05_20-31-37
2025-12-05_20-31-47,0,draft.py:2025-12-05_20-31-47
2025-12-05_20-31-53,100,draft.py:2025-12-05_20-31-53
2025-12-05_20-31-54,100,draft.py:2025-12-05_20-31-53
2025-12-05_20-32-13,100,draft.py:2025-12-05_20-32-13
2025-12-05_20-32-14,100,draft.py:2025-12-05_20-32-13
2025-12-05_20-32-14,100,draft.py:2025-12-05_20-32-13
2025-12-05_20-32-14,100,draft.py:2025-12-05_20-32-13
2025-12-05_20-32-14,100,draft.py:2025-12-05_20-32-13
2025-12-05_20-32-14,100,draft.py:2025-12-05_20-32-13
2025-12-05_20-32-15,100,draft.py:2025-12-05_20-32-13
2025-12-05_20-32-15,100,draft.py:2025-12-05_20-32-13
2025-12-05_20-32-15,100,draft.py:2025-12-05_20-32-13
2025-12-05_20-32-15,100,draft.py:2025-12-05_20-32-13
2025-12-05_20-32-15,100,draft.py:2025-12-05_20-32-13
2025-12-05_20-32-15,100,draft.py:2025-12-05_20-32-13
2025-12-05_20-32-15,100,draft.py:2025-12-05_20-32-13
2025-12-05_20-32-15,100,draft.py:2025-12-05_20-32-13
2025-12-05_20-32-16,100,draft.py:2025-12-05_20-32-13
2025-12-05_20-32-16,100,draft.py:2025-12-05_20-32-13
2025-12-05_20-32-16,100,draft.py:2025-12-05_20-32-13
2025-12-05_20-32-16,100,draft.py:2025-12-05_20-32-13
2025-12-05_20-32-16,100,draft.py:2025-12-05_20-32-13
2025-12-05_20-33-45,100,draft.py:2025-12-05_20-33-45
2025-12-05_20-33-45,100,draft.py:2025-12-05_20-33-45
2025-12-05_20-33-45,100,draft.py:2025-12-05_20-33-45
2025-12-05_20-33-46,100,draft.py:2025-12-05_20-33-45
2025-12-05_20-33-46,100,draft.py:2025-12-05_20-33-45
2025-12-05_20-34-19,0,draft.py:2025-12-05_20-34-19
2025-12-05_20-34-22,0,draft.py:2025-12-05_20-34-19
2025-12-05_20-34-37,0,draft.py:2025-12-05_20-34-37
2025-12-05_20-34-38,0,draft.py:2025-12-05_20-34-37
2025-12-05_20-34-38,0,draft.py:2025-12-05_20-34-37
2025-12-05_20-34-38,0,draft.py:2025-12-05_20-34-37
2025-12-05_20-34-44,0,draft.py:2025-12-05_20-34-44
2025-12-05_20-34-45,0,draft.py:2025-12-05_20-34-44
2025-12-05_20-34-46,0,draft.py:2025-12-05_20-34-44
2025-12-05_20-34-46,0,draft.py:2025-12-05_20-34-44
2025-12-05_20-34-46,0,draft.py:2025-12-05_20-34-44
2025-12-05_20-34-46,0,draft.py:2025-12-05_20-34-44
2025-12-05_20-34-47,0,draft.py:2025-12-05_20-34-44
2025-12-05_20-36-02,0,draft.py:2025-12-05_20-36-02
2025-12-05_20-36-07,0,draft.py:2025-12-05_20-36-07
2025-12-05_20-36-19,0,draft.py:2025-12-05_20-36-19
2025-12-05_20-36-20,0,draft.py:2025-12-05_20-36-19
2025-12-05_20-36-26,0,draft.py:2025-12-05_20-36-26
2025-12-05_20-37-36,0,draft.py:2025-12-05_20-37-36
2025-12-05_20-41-35,0,draft.py:2025-12-05_20-41-35
2025-12-05_20-42-08,0,draft.py:2025-12-05_20-42-08
2025-12-05_20-42-16,0,draft.py:2025-12-05_20-42-16
2025-12-05_20-42-31,0,draft.py:2025-12-05_20-42-31
2025-12-05_20-42-40,0,draft.py:2025-12-05_20-42-40
2025-12-05_20-45-56,0,draft.py:2025-12-05_20-45-56
2025-12-05_20-46-06,0,draft.py:2025-12-05_20-46-06
2025-12-05_20-47-44,0,draft.py:2025-12-05_20-47-44
2025-12-05_20-52-50,0,draft.py:2025-12-05_20-52-50
2025-12-05_20-53-20,0,draft.py:2025-12-05_20-53-20
2025-12-05_20-54-07,0,draft.py:2025-12-05_20-54-07
2025-12-05_20-54-20,0,draft.py:2025-12-05_20-54-20
2025-12-05_20-54-34,0,draft.py:2025-12-05_20-54-34
2025-12-05_21-03-28,0,draft.py:2025-12-05_21-03-28
2025-12-05_21-04-00,0,draft.py:2025-12-05_21-04-00
2025-12-09_11-21-50,0,draft.py:2025-12-05_21-04-00
2025-12-09_11-22-20,0,draft.py:2025-12-09_11-22-20
2025-12-09_11-22-31,0,draft.py:2025-12-09_11-22-31
