2025-12-10_08-40-35,0,draft.py:2025-12-10_08-40-35
2025-12-10_10-46-31,0,draft.py:2025-12-10_10-46-31
2025-12-10_10-46-38,0,draft.py:2025-12-10_10-46-31
2025-12-10_11-00-07,0,draft.py:2025-12-10_11-00-07
2025-12-10_11-00-24,0,draft.py:2025-12-10_11-00-24
2025-12-10_11-00-51,0,draft.py:2025-12-10_11-00-51
2025-12-10_11-01-06,0,draft.py:2025-12-10_11-01-06
2025-12-10_11-01-35,0,draft.py:2025-12-10_11-01-35
2025-12-10_11-02-15,0,draft.py:2025-12-10_11-02-15
2025-12-10_11-02-40,0,draft.py:2025-12-10_11-02-40
2025-12-10_11-02-53,0,draft.py:2025-12-10_11-02-53
2025-12-10_11-06-49,0,draft.py:2025-12-10_11-06-49
2025-12-10_11-10-49,0,draft.py:2025-12-10_11-10-49
2025-12-10_11-11-02,0,draft.py:2025-12-10_11-11-02
2025-12-10_11-11-09,0,draft.py:2025-12-10_11-11-09
2025-12-10_11-11-13,0,draft.py:2025-12-10_11-11-13
2025-12-10_11-11-19,0,draft.py:2025-12-10_11-11-19
